,Postcode,Average price,Percentage of average London price
0,BR1 1,£376k,53%
1,BR1 2,£838k,117%
2,BR1 3,£510k,71%
3,BR1 4,£478k,67%
4,BR1 5,£433k,61%
5,BR2 0,£496k,69%
6,BR2 6,£901k,126%
7,BR2 7,£698k,98%
8,BR2 8,£567k,79%
9,BR2 9,£511k,72%
10,BR3 1,£561k,79%
11,BR3 3,£675k,95%
12,BR3 4,£504k,71%
13,BR3 5,£488k,68%
14,BR3 6,£766k,107%
15,BR4 0,£648k,91%
16,BR4 9,£652k,91%
17,BR5 1,£731k,102%
18,BR5 2,£422k,59%
19,BR5 3,£364k,51%
20,BR5 4,£421k,59%
21,BR6 0,£578k,81%
22,BR6 6,£610k,85%
23,BR6 7,£548k,77%
24,BR6 8,£1.1M,161%
25,BR6 9,£592k,83%
26,BR7 5,£839k,118%
27,BR7 6,£702k,98%
28,CR0 0,£387k,54%
29,CR0 1,£350k,49%
30,CR0 2,£313k,44%
31,CR0 3,£357k,50%
32,CR0 4,£387k,54%
33,CR0 5,£519k,73%
34,CR0 6,£375k,53%
35,CR0 7,£510k,71%
36,CR0 8,£515k,72%
37,CR0 9,£310k,43%
38,CR2 0,£622k,87%
39,CR2 6,£372k,52%
40,CR2 7,£425k,60%
41,CR2 8,£509k,71%
42,CR2 9,£602k,84%
43,CR4 1,£407k,57%
44,CR4 2,£462k,65%
45,CR4 3,£382k,53%
46,CR4 4,£371k,52%
47,CR5 1,£552k,77%
48,CR5 2,£549k,77%
49,CR7 6,£398k,56%
50,CR7 7,£379k,53%
51,CR7 8,£382k,53%
52,CR8 1,£641k,90%
53,CR8 2,£513k,72%
54,CR8 3,£891k,125%
55,CR8 4,£542k,76%
56,CR8 5,£620k,87%
57,DA1 4,£316k,44%
58,DA14 4,£473k,66%
59,DA14 5,£417k,58%
60,DA14 6,£356k,50%
61,DA15 7,£461k,65%
62,DA15 8,£472k,66%
63,DA15 9,£499k,70%
64,DA16 1,£433k,61%
65,DA16 2,£474k,66%
66,DA16 3,£382k,54%
67,DA17 5,£344k,48%
68,DA17 6,£341k,48%
69,DA18 4,£264k,37%
70,DA5 1,£522k,73%
71,DA5 2,£530k,74%
72,DA5 3,£551k,77%
73,DA6 7,£398k,56%
74,DA6 8,£464k,65%
75,DA7 4,£466k,65%
76,DA7 5,£500k,70%
77,DA7 6,£427k,60%
78,DA8 1,£354k,50%
79,DA8 2,£339k,47%
80,DA8 3,£363k,51%
81,E1 0,£510k,71%
82,E1 1,£603k,84%
83,E1 2,£573k,80%
84,E1 3,£453k,63%
85,E1 4,£485k,68%
86,E1 5,£508k,71%
87,E1 6,£875k,123%
88,E1 7,£596k,83%
89,E1 8,£540k,76%
90,E10 5,£505k,71%
91,E10 6,£514k,72%
92,E10 7,£458k,64%
93,E11 1,£514k,72%
94,E11 2,£757k,106%
95,E11 3,£603k,84%
96,E11 4,£559k,78%
97,E12 5,£556k,78%
98,E12 6,£401k,56%
99,E13 0,£388k,54%
100,E13 8,£362k,51%
101,E13 9,£415k,58%
102,E14 0,£551k,77%
103,E14 2,£402k,56%
104,E14 3,£525k,74%
105,E14 4,£793k,111%
106,E14 5,£615k,86%
107,E14 6,£395k,55%
108,E14 7,£438k,61%
109,E14 8,£604k,85%
110,E14 9,£761k,107%
111,E15 1,£553k,78%
112,E15 2,£436k,61%
113,E15 3,£444k,62%
114,E15 4,£478k,67%
115,E16 1,£398k,56%
116,E16 2,£482k,67%
117,E16 3,£375k,53%
118,E16 4,£372k,52%
119,E17 3,£491k,69%
120,E17 4,£569k,80%
121,E17 5,£523k,73%
122,E17 6,£538k,75%
123,E17 7,£508k,71%
124,E17 8,£540k,76%
125,E17 9,£600k,84%
126,E18 1,£582k,82%
127,E18 2,£586k,82%
128,E1W 1,£899k,126%
129,E1W 2,£1.0M,147%
130,E1W 3,£606k,85%
131,E2 0,£540k,76%
132,E2 6,£615k,86%
133,E2 7,£694k,97%
134,E2 8,£672k,94%
135,E2 9,£574k,80%
136,E20 1,£714k,100%
137,E3 2,£478k,67%
138,E3 3,£353k,49%
139,E3 4,£447k,63%
140,E3 5,£628k,88%
141,E4 6,£528k,74%
142,E4 7,£585k,82%
143,E4 8,£420k,59%
144,E4 9,£528k,74%
145,E5 0,£842k,118%
146,E5 8,£603k,84%
147,E5 9,£492k,69%
148,E6 1,£356k,50%
149,E6 2,£382k,54%
150,E6 3,£412k,58%
151,E6 5,£349k,49%
152,E6 6,£355k,50%
153,E6 7,£600k,84%
154,E7 0,£601k,84%
155,E7 8,£454k,64%
156,E7 9,£492k,69%
157,E8 1,£690k,97%
158,E8 2,£622k,87%
159,E8 3,£1.0M,143%
160,E8 4,£719k,101%
161,E9 5,£522k,73%
162,E9 6,£525k,74%
163,E9 7,£830k,116%
164,EC1A 7,£1.1M,160%
165,EC1A 9,£671k,94%
166,EC1M 3,£615k,86%
167,EC1M 4,£629k,88%
168,EC1M 5,£1.4M,201%
169,EC1M 6,£420k,59%
170,EC1M 7,£540k,76%
171,EC1N 7,£494k,69%
172,EC1N 8,£1.4M,196%
173,EC1R 0,£888k,124%
174,EC1R 1,£1.1M,148%
175,EC1R 3,£1.2M,164%
176,EC1R 4,£768k,108%
177,EC1R 5,£370k,52%
178,EC1V 0,£904k,127%
179,EC1V 1,£949k,133%
180,EC1V 2,£739k,104%
181,EC1V 3,£749k,105%
182,EC1V 4,£1.0M,144%
183,EC1V 7,£743k,104%
184,EC1V 8,£963k,135%
185,EC1V 9,£629k,88%
186,EC1Y 0,£968k,136%
187,EC1Y 2,£1.0M,145%
188,EC1Y 8,£734k,103%
189,EC2A 2,£1.4M,193%
190,EC2A 3,£896k,125%
191,EC2A 4,£810k,114%
192,EC2M 4,£1.2M,172%
193,EC2Y 5,£807k,113%
194,EC2Y 8,£859k,120%
195,EC2Y 9,£740k,104%
196,EC3M 1,£1.2M,172%
197,EC3N 2,£603k,85%
198,EC3R 6,£2.8M,398%
199,EC4A 1,£876k,123%
200,EC4A 3,£500k,70%
201,EC4A 4,£37.5M,5254%
202,EC4M 7,£724k,101%
203,EC4R 0,£775k,109%
204,EC4V 3,£815k,114%
205,EC4Y 0,£796k,112%
206,EN1 1,£447k,63%
207,EN1 2,£589k,82%
208,EN1 3,£504k,71%
209,EN1 4,£344k,48%
210,EN2 0,£449k,63%
211,EN2 6,£532k,74%
212,EN2 7,£541k,76%
213,EN2 8,£502k,70%
214,EN2 9,£606k,85%
215,EN3 4,£347k,49%
216,EN3 5,£387k,54%
217,EN3 6,£361k,51%
218,EN3 7,£369k,52%
219,EN4 0,£1.7M,240%
220,EN4 8,£542k,76%
221,EN4 9,£609k,85%
222,EN5 1,£648k,91%
223,EN5 2,£594k,83%
224,EN5 3,£1.0M,147%
225,EN5 5,£654k,92%
226,HA0 1,£397k,56%
227,HA0 2,£443k,62%
228,HA0 3,£498k,70%
229,HA0 4,£555k,78%
230,HA1 1,£477k,67%
231,HA1 2,£415k,58%
232,HA1 3,£628k,88%
233,HA1 4,£520k,73%
234,HA2 0,£443k,62%
235,HA2 6,£580k,81%
236,HA2 7,£584k,82%
237,HA2 8,£414k,58%
238,HA2 9,£488k,68%
239,HA3 0,£725k,102%
240,HA3 5,£444k,62%
241,HA3 6,£607k,85%
242,HA3 7,£491k,69%
243,HA3 8,£627k,88%
244,HA3 9,£486k,68%
245,HA4 0,£527k,74%
246,HA4 6,£492k,69%
247,HA4 7,£608k,85%
248,HA4 8,£606k,85%
249,HA4 9,£531k,74%
250,HA5 1,£749k,105%
251,HA5 2,£618k,87%
252,HA5 3,£869k,122%
253,HA5 4,£745k,104%
254,HA5 5,£730k,102%
255,HA6 1,£637k,89%
256,HA6 2,£1.1M,155%
257,HA7 1,£492k,69%
258,HA7 2,£652k,91%
259,HA7 3,£897k,126%
260,HA7 4,£758k,106%
261,HA8 0,£412k,58%
262,HA8 5,£483k,68%
263,HA8 6,£542k,76%
264,HA8 7,£562k,79%
265,HA8 8,£613k,86%
266,HA8 9,£632k,89%
267,HA9 0,£373k,52%
268,HA9 6,£495k,69%
269,HA9 7,£494k,69%
270,HA9 8,£470k,66%
271,HA9 9,£581k,81%
272,IG1 1,£418k,59%
273,IG1 2,£384k,54%
274,IG1 3,£494k,69%
275,IG1 4,£408k,57%
276,IG11 0,£305k,43%
277,IG11 7,£319k,45%
278,IG11 8,£242k,34%
279,IG11 9,£413k,58%
280,IG2 6,£505k,71%
281,IG2 7,£449k,63%
282,IG3 8,£433k,61%
283,IG3 9,£509k,71%
284,IG4 5,£516k,72%
285,IG5 0,£508k,71%
286,IG6 1,£515k,72%
287,IG6 2,£466k,65%
288,IG6 3,£420k,59%
289,IG7 4,£391k,55%
290,IG8 0,£851k,119%
291,IG8 7,£507k,71%
292,IG8 8,£487k,68%
293,IG8 9,£649k,91%
294,IG9 6,£564k,79%
295,KT1 1,£520k,73%
296,KT1 2,£607k,85%
297,KT1 3,£615k,86%
298,KT1 4,£648k,91%
299,KT2 5,£817k,115%
300,KT2 6,£742k,104%
301,KT2 7,£1.2M,175%
302,KT3 3,£712k,100%
303,KT3 4,£879k,123%
304,KT3 5,£671k,94%
305,KT3 6,£668k,94%
306,KT4 8,£548k,77%
307,KT5 8,£568k,80%
308,KT5 9,£608k,85%
309,KT6 4,£537k,75%
310,KT6 6,£614k,86%
311,KT6 7,£543k,76%
312,KT8 9,£1.1M,155%
313,KT9 1,£461k,65%
314,KT9 2,£453k,63%
315,N1 0,£1.0M,146%
316,N1 1,£1.2M,164%
317,N1 2,£991k,139%
318,N1 3,£745k,104%
319,N1 4,£827k,116%
320,N1 5,£622k,87%
321,N1 6,£539k,75%
322,N1 7,£846k,118%
323,N1 8,£1.1M,156%
324,N1 9,£731k,102%
325,N10 1,£735k,103%
326,N10 2,£941k,132%
327,N10 3,£1.2M,169%
328,N11 1,£470k,66%
329,N11 2,£670k,94%
330,N11 3,£575k,81%
331,N12 0,£558k,78%
332,N12 7,£942k,132%
333,N12 8,£551k,77%
334,N12 9,£565k,79%
335,N13 4,£688k,96%
336,N13 5,£543k,76%
337,N13 6,£452k,63%
338,N14 4,£559k,78%
339,N14 5,£656k,92%
340,N14 6,£712k,100%
341,N14 7,£846k,119%
342,N15 3,£583k,82%
343,N15 4,£558k,78%
344,N15 5,£511k,72%
345,N15 6,£680k,95%
346,N16 0,£997k,140%
347,N16 5,£685k,96%
348,N16 6,£699k,98%
349,N16 7,£769k,108%
350,N16 8,£782k,110%
351,N16 9,£921k,129%
352,N17 0,£375k,52%
353,N17 6,£571k,80%
354,N17 7,£446k,62%
355,N17 8,£380k,53%
356,N17 9,£425k,60%
357,N18 1,£407k,57%
358,N18 2,£361k,51%
359,N19 3,£768k,108%
360,N19 4,£686k,96%
361,N19 5,£670k,94%
362,N1C 4,£1.4M,192%
363,N2 0,£2.4M,338%
364,N2 8,£508k,71%
365,N2 9,£1.0M,145%
366,N20 0,£621k,87%
367,N20 8,£1.7M,236%
368,N20 9,£941k,132%
369,N21 1,£731k,102%
370,N21 2,£773k,108%
371,N21 3,£806k,113%
372,N22 5,£522k,73%
373,N22 6,£539k,76%
374,N22 7,£812k,114%
375,N22 8,£522k,73%
376,N3 1,£813k,114%
377,N3 2,£725k,102%
378,N3 3,£1.0M,143%
379,N4 1,£660k,92%
380,N4 2,£560k,78%
381,N4 3,£710k,99%
382,N4 4,£706k,99%
383,N5 1,£1.1M,156%
384,N5 2,£847k,119%
385,N6 4,£1.5M,213%
386,N6 5,£1.3M,179%
387,N6 6,£2.3M,321%
388,N7 0,£702k,98%
389,N7 6,£617k,86%
390,N7 7,£547k,77%
391,N7 8,£845k,118%
392,N7 9,£678k,95%
393,N8 0,£711k,100%
394,N8 7,£642k,90%
395,N8 8,£1.1M,151%
396,N8 9,£804k,113%
397,N9 0,£350k,49%
398,N9 7,£371k,52%
399,N9 8,£359k,50%
400,N9 9,£356k,50%
401,NW1 0,£586k,82%
402,NW1 1,£681k,95%
403,NW1 2,£893k,125%
404,NW1 3,£601k,84%
405,NW1 4,£3.4M,472%
406,NW1 5,£1.1M,148%
407,NW1 6,£940k,132%
408,NW1 7,£1.5M,214%
409,NW1 8,£1.8M,253%
410,NW1 9,£888k,124%
411,NW10 0,£399k,56%
412,NW10 1,£777k,109%
413,NW10 2,£621k,87%
414,NW10 3,£1.2M,169%
415,NW10 4,£581k,81%
416,NW10 5,£920k,129%
417,NW10 6,£657k,92%
418,NW10 7,£482k,68%
419,NW10 8,£420k,59%
420,NW10 9,£473k,66%
421,NW11 0,£1.1M,151%
422,NW11 6,£1.4M,196%
423,NW11 7,£1.4M,198%
424,NW11 8,£1.2M,168%
425,NW11 9,£1.0M,140%
426,NW2 1,£599k,84%
427,NW2 2,£967k,135%
428,NW2 3,£702k,98%
429,NW2 4,£949k,133%
430,NW2 5,£668k,94%
431,NW2 6,£701k,98%
432,NW2 7,£562k,79%
433,NW3 1,£2.4M,337%
434,NW3 2,£1.3M,179%
435,NW3 3,£1.6M,222%
436,NW3 4,£1.2M,164%
437,NW3 5,£1.5M,206%
438,NW3 6,£1.8M,246%
439,NW3 7,£2.9M,406%
440,NW4 1,£792k,111%
441,NW4 2,£838k,117%
442,NW4 3,£623k,87%
443,NW4 4,£608k,85%
444,NW5 1,£1.0M,144%
445,NW5 2,£863k,121%
446,NW5 3,£940k,132%
447,NW5 4,£681k,95%
448,NW6 1,£921k,129%
449,NW6 2,£678k,95%
450,NW6 3,£1.0M,145%
451,NW6 4,£754k,106%
452,NW6 5,£489k,69%
453,NW6 6,£1.2M,162%
454,NW6 7,£919k,129%
455,NW7 1,£649k,91%
456,NW7 2,£697k,98%
457,NW7 3,£706k,99%
458,NW7 4,£1.3M,184%
459,NW8 0,£1.7M,242%
460,NW8 6,£2.2M,314%
461,NW8 7,£1.8M,256%
462,NW8 8,£837k,117%
463,NW8 9,£1.8M,254%
464,NW9 0,£492k,69%
465,NW9 4,£506k,71%
466,NW9 5,£374k,52%
467,NW9 6,£455k,64%
468,NW9 7,£444k,62%
469,NW9 8,£612k,86%
470,NW9 9,£493k,69%
471,RM1 1,£226k,32%
472,RM1 2,£346k,48%
473,RM1 3,£299k,42%
474,RM1 4,£491k,69%
475,RM10 7,£371k,52%
476,RM10 8,£332k,47%
477,RM10 9,£345k,48%
478,RM11 1,£450k,63%
479,RM11 2,£699k,98%
480,RM11 3,£540k,76%
481,RM12 4,£440k,62%
482,RM12 5,£433k,61%
483,RM12 6,£441k,62%
484,RM13 7,£393k,55%
485,RM13 8,£409k,57%
486,RM13 9,£416k,58%
487,RM14 1,£576k,81%
488,RM14 2,£566k,79%
489,RM14 3,£638k,89%
490,RM2 5,£556k,78%
491,RM2 6,£472k,66%
492,RM3 0,£423k,59%
493,RM3 7,£363k,51%
494,RM3 8,£319k,45%
495,RM3 9,£386k,54%
496,RM5 2,£429k,60%
497,RM5 3,£411k,58%
498,RM6 4,£380k,53%
499,RM6 5,£390k,55%
500,RM6 6,£419k,59%
501,RM7 0,£391k,55%
502,RM7 7,£477k,67%
503,RM7 8,£414k,58%
504,RM7 9,£367k,51%
505,RM8 1,£353k,49%
506,RM8 2,£366k,51%
507,RM8 3,£333k,47%
508,RM9 4,£365k,51%
509,RM9 5,£357k,50%
510,RM9 6,£340k,48%
511,SE1 0,£612k,86%
512,SE1 1,£559k,78%
513,SE1 2,£933k,131%
514,SE1 3,£667k,93%
515,SE1 4,£672k,94%
516,SE1 5,£517k,72%
517,SE1 6,£507k,71%
518,SE1 7,£1.2M,168%
519,SE1 8,£795k,111%
520,SE1 9,£1.4M,197%
521,SE10 0,£672k,94%
522,SE10 8,£755k,106%
523,SE10 9,£596k,84%
524,SE11 4,£707k,99%
525,SE11 5,£503k,70%
526,SE11 6,£755k,106%
527,SE12 0,£482k,67%
528,SE12 8,£617k,87%
529,SE12 9,£446k,62%
530,SE13 5,£588k,82%
531,SE13 6,£479k,67%
532,SE13 7,£555k,78%
533,SE14 5,£566k,79%
534,SE14 6,£441k,62%
535,SE15 1,£440k,62%
536,SE15 2,£591k,83%
537,SE15 3,£615k,86%
538,SE15 4,£787k,110%
539,SE15 5,£743k,104%
540,SE15 6,£404k,57%
541,SE16 2,£377k,53%
542,SE16 3,£409k,57%
543,SE16 4,£564k,79%
544,SE16 5,£567k,79%
545,SE16 6,£564k,79%
546,SE16 7,£498k,70%
547,SE17 1,£569k,80%
548,SE17 2,£433k,61%
549,SE17 3,£587k,82%
550,SE18 1,£377k,53%
551,SE18 2,£402k,56%
552,SE18 3,£453k,63%
553,SE18 4,£348k,49%
554,SE18 5,£279k,39%
555,SE18 6,£412k,58%
556,SE18 7,£331k,46%
557,SE19 1,£514k,72%
558,SE19 2,£465k,65%
559,SE19 3,£437k,61%
560,SE2 0,£395k,55%
561,SE2 9,£369k,52%
562,SE20 7,£487k,68%
563,SE20 8,£372k,52%
564,SE21 7,£2.2M,308%
565,SE21 8,£920k,129%
566,SE22 0,£799k,112%
567,SE22 8,£741k,104%
568,SE22 9,£801k,112%
569,SE23 1,£604k,85%
570,SE23 2,£573k,80%
571,SE23 3,£635k,89%
572,SE24 0,£834k,117%
573,SE24 9,£1.0M,142%
574,SE25 4,£415k,58%
575,SE25 5,£373k,52%
576,SE25 6,£386k,54%
577,SE26 4,£530k,74%
578,SE26 5,£498k,70%
579,SE26 6,£504k,71%
580,SE27 0,£570k,80%
581,SE27 9,£614k,86%
582,SE28 0,£289k,41%
583,SE28 8,£292k,41%
584,SE3 0,£689k,97%
585,SE3 7,£747k,105%
586,SE3 8,£557k,78%
587,SE3 9,£696k,98%
588,SE4 1,£667k,93%
589,SE4 2,£582k,81%
590,SE5 0,£424k,59%
591,SE5 7,£518k,73%
592,SE5 8,£715k,100%
593,SE5 9,£606k,85%
594,SE6 1,£492k,69%
595,SE6 2,£499k,70%
596,SE6 3,£379k,53%
597,SE6 4,£442k,62%
598,SE7 7,£523k,73%
599,SE7 8,£496k,70%
600,SE8 3,£439k,61%
601,SE8 4,£394k,55%
602,SE8 5,£428k,60%
603,SE9 1,£553k,78%
604,SE9 2,£462k,65%
605,SE9 3,£517k,72%
606,SE9 4,£410k,57%
607,SE9 5,£428k,60%
608,SE9 6,£434k,61%
609,SM1 1,£425k,59%
610,SM1 2,£430k,60%
611,SM1 3,£500k,70%
612,SM1 4,£359k,50%
613,SM2 5,£481k,67%
614,SM2 6,£430k,60%
615,SM2 7,£1.1M,157%
616,SM3 8,£541k,76%
617,SM3 9,£488k,68%
618,SM4 4,£554k,78%
619,SM4 5,£405k,57%
620,SM4 6,£415k,58%
621,SM5 1,£392k,55%
622,SM5 2,£396k,55%
623,SM5 3,£616k,86%
624,SM5 4,£686k,96%
625,SM6 0,£411k,58%
626,SM6 7,£399k,56%
627,SM6 8,£454k,64%
628,SM6 9,£502k,70%
629,SW10 0,£1.3M,183%
630,SW10 9,£2.2M,306%
631,SW11 1,£862k,121%
632,SW11 2,£726k,102%
633,SW11 3,£762k,107%
634,SW11 4,£1.3M,179%
635,SW11 5,£858k,120%
636,SW11 6,£1.5M,209%
637,SW11 7,£910k,128%
638,SW11 8,£1.4M,193%
639,SW12 0,£818k,115%
640,SW12 8,£1.2M,162%
641,SW12 9,£785k,110%
642,SW13 0,£1.5M,210%
643,SW13 8,£1.5M,211%
644,SW13 9,£2.0M,284%
645,SW14 7,£1.1M,150%
646,SW14 8,£1.1M,149%
647,SW15 1,£1.2M,171%
648,SW15 2,£808k,113%
649,SW15 3,£750k,105%
650,SW15 4,£416k,58%
651,SW15 5,£903k,126%
652,SW15 6,£971k,136%
653,SW16 1,£620k,87%
654,SW16 2,£490k,69%
655,SW16 3,£667k,93%
656,SW16 4,£495k,69%
657,SW16 5,£518k,73%
658,SW16 6,£625k,87%
659,SW17 0,£611k,86%
660,SW17 6,£428k,60%
661,SW17 7,£804k,113%
662,SW17 8,£876k,123%
663,SW17 9,£616k,86%
664,SW18 1,£801k,112%
665,SW18 2,£887k,124%
666,SW18 3,£1.0M,140%
667,SW18 4,£666k,93%
668,SW18 5,£910k,128%
669,SW19 1,£697k,98%
670,SW19 2,£473k,66%
671,SW19 3,£936k,131%
672,SW19 4,£1.4M,190%
673,SW19 5,£2.1M,293%
674,SW19 6,£546k,76%
675,SW19 7,£1.6M,224%
676,SW19 8,£889k,125%
677,SW1A 1,£11.9M,1672%
678,SW1A 2,£1.6M,224%
679,SW1E 5,£2.3M,316%
680,SW1E 6,£1.7M,244%
681,SW1H 0,£1.5M,204%
682,SW1H 9,£5.0M,706%
683,SW1P 1,£1.0M,142%
684,SW1P 2,£1.0M,141%
685,SW1P 3,£1.6M,220%
686,SW1P 4,£1.0M,146%
687,SW1V 1,£1.5M,209%
688,SW1V 2,£919k,129%
689,SW1V 3,£1.1M,158%
690,SW1V 4,£1.2M,168%
691,SW1W 0,£2.5M,348%
692,SW1W 8,£3.4M,479%
693,SW1W 9,£4.9M,685%
694,SW1X 0,£2.9M,403%
695,SW1X 7,£8.3M,1167%
696,SW1X 8,£3.2M,454%
697,SW1X 9,£2.5M,347%
698,SW1Y 4,£743k,104%
699,SW1Y 5,£2.0M,286%
700,SW1Y 6,£934k,131%
701,SW2 1,£560k,78%
702,SW2 2,£630k,88%
703,SW2 3,£603k,84%
704,SW2 4,£598k,84%
705,SW2 5,£650k,91%
706,SW20 0,£1.1M,151%
707,SW20 8,£786k,110%
708,SW20 9,£699k,98%
709,SW3 1,£1.9M,270%
710,SW3 2,£3.2M,447%
711,SW3 3,£1.4M,196%
712,SW3 4,£3.3M,467%
713,SW3 5,£1.7M,244%
714,SW3 6,£4.0M,561%
715,SW4 0,£1.0M,143%
716,SW4 6,£714k,100%
717,SW4 7,£650k,91%
718,SW4 8,£749k,105%
719,SW4 9,£1.2M,170%
720,SW5 0,£1.9M,264%
721,SW5 9,£1.0M,147%
722,SW6 1,£1.3M,178%
723,SW6 2,£1.0M,142%
724,SW6 3,£2.0M,283%
725,SW6 4,£1.3M,177%
726,SW6 5,£1.2M,174%
727,SW6 6,£1.2M,164%
728,SW6 7,£967k,135%
729,SW7 1,£4.1M,572%
730,SW7 2,£4.7M,662%
731,SW7 3,£1.9M,264%
732,SW7 4,£1.9M,271%
733,SW7 5,£2.7M,380%
734,SW8 1,£641k,90%
735,SW8 2,£666k,93%
736,SW8 3,£677k,95%
737,SW8 4,£514k,72%
738,SW8 5,£812k,114%
739,SW9 0,£648k,91%
740,SW9 6,£542k,76%
741,SW9 7,£497k,70%
742,SW9 8,£545k,76%
743,SW9 9,£656k,92%
744,TN16 2,£901k,126%
745,TN16 3,£459k,64%
746,TW1 1,£946k,133%
747,TW1 2,£981k,137%
748,TW1 3,£938k,131%
749,TW1 4,£1.0M,143%
750,TW10 5,£1.2M,174%
751,TW10 6,£1.5M,205%
752,TW10 7,£717k,100%
753,TW11 0,£865k,121%
754,TW11 8,£819k,115%
755,TW11 9,£982k,138%
756,TW12 1,£713k,100%
757,TW12 2,£800k,112%
758,TW12 3,£690k,97%
759,TW13 4,£346k,48%
760,TW13 5,£421k,59%
761,TW13 6,£416k,58%
762,TW13 7,£428k,60%
763,TW14 0,£403k,56%
764,TW14 8,£354k,50%
765,TW14 9,£413k,58%
766,TW2 5,£666k,93%
767,TW2 6,£665k,93%
768,TW2 7,£617k,86%
769,TW3 1,£430k,60%
770,TW3 2,£495k,69%
771,TW3 3,£378k,53%
772,TW3 4,£472k,66%
773,TW4 5,£339k,48%
774,TW4 6,£450k,63%
775,TW4 7,£430k,60%
776,TW5 0,£477k,67%
777,TW5 9,£469k,66%
778,TW7 4,£575k,81%
779,TW7 5,£510k,71%
780,TW7 6,£469k,66%
781,TW7 7,£591k,83%
782,TW8 0,£468k,66%
783,TW8 8,£593k,83%
784,TW8 9,£535k,75%
785,TW9 1,£1.1M,161%
786,TW9 2,£1.1M,148%
787,TW9 3,£1.2M,170%
788,TW9 4,£817k,114%
789,UB1 1,£394k,55%
790,UB1 2,£442k,62%
791,UB1 3,£414k,58%
792,UB10 0,£485k,68%
793,UB10 8,£694k,97%
794,UB10 9,£558k,78%
795,UB2 4,£468k,66%
796,UB2 5,£426k,60%
797,UB3 1,£411k,58%
798,UB3 2,£416k,58%
799,UB3 3,£367k,51%
800,UB3 4,£411k,58%
801,UB3 5,£349k,49%
802,UB4 0,£442k,62%
803,UB4 8,£437k,61%
804,UB4 9,£382k,54%
805,UB5 4,£404k,57%
806,UB5 5,£388k,54%
807,UB5 6,£375k,53%
808,UB6 0,£515k,72%
809,UB6 7,£480k,67%
810,UB6 8,£467k,65%
811,UB6 9,£470k,66%
812,UB7 0,£391k,55%
813,UB7 7,£412k,58%
814,UB7 8,£403k,57%
815,UB7 9,£371k,52%
816,UB8 1,£485k,68%
817,UB8 2,£394k,55%
818,UB8 3,£449k,63%
819,UB9 6,£478k,67%
820,W10 4,£740k,104%
821,W10 5,£927k,130%
822,W10 6,£1.3M,176%
823,W11 1,£1.4M,196%
824,W11 2,£2.5M,354%
825,W11 3,£2.9M,407%
826,W11 4,£2.8M,386%
827,W12 0,£764k,107%
828,W12 7,£834k,117%
829,W12 8,£740k,104%
830,W12 9,£900k,126%
831,W13 0,£704k,99%
832,W13 8,£1.0M,143%
833,W13 9,£756k,106%
834,W14 0,£961k,135%
835,W14 8,£2.2M,307%
836,W14 9,£655k,92%
837,W1B 1,£1.4M,203%
838,W1D 3,£1.7M,244%
839,W1D 4,£2.5M,357%
840,W1D 6,£4.6M,639%
841,W1D 7,£560k,78%
842,W1F 0,£1.7M,239%
843,W1F 7,£899k,126%
844,W1F 8,£6.1M,855%
845,W1F 9,£2.6M,361%
846,W1G 0,£2.6M,359%
847,W1G 6,£1.3M,187%
848,W1G 7,£2.0M,280%
849,W1G 8,£1.8M,246%
850,W1G 9,£3.0M,426%
851,W1H 1,£1.5M,216%
852,W1H 2,£2.0M,283%
853,W1H 4,£1.1M,159%
854,W1H 5,£911k,128%
855,W1H 6,£3.0M,414%
856,W1H 7,£1.5M,204%
857,W1J 5,£2.6M,358%
858,W1J 7,£1.4M,191%
859,W1J 8,£4.4M,619%
860,W1K 1,£19.3M,2700%
861,W1K 2,£3.3M,464%
862,W1K 3,£10.3M,1449%
863,W1K 4,£18.5M,2591%
864,W1K 5,£1.1M,154%
865,W1K 6,£11.8M,1654%
866,W1K 7,£4.3M,603%
867,W1S 1,£3.9M,546%
868,W1S 2,£1.1M,154%
869,W1S 3,£8.1M,1140%
870,W1T 1,£923k,129%
871,W1T 2,£1.9M,272%
872,W1T 3,£2.3M,321%
873,W1T 4,£958k,134%
874,W1T 5,£588k,82%
875,W1T 6,£2.0M,276%
876,W1U 1,£1.1M,155%
877,W1U 2,£2.0M,287%
878,W1U 3,£2.3M,326%
879,W1U 4,£3.3M,458%
880,W1U 5,£2.8M,396%
881,W1U 6,£1.2M,173%
882,W1U 7,£1.0M,143%
883,W1U 8,£2.0M,284%
884,W1W 5,£953k,133%
885,W1W 6,£769k,108%
886,W1W 7,£2.2M,310%
887,W1W 8,£1.7M,238%
888,W2 1,£1.1M,154%
889,W2 2,£2.4M,342%
890,W2 3,£1.7M,236%
891,W2 4,£1.5M,204%
892,W2 5,£1.3M,179%
893,W2 6,£780k,109%
894,W3 0,£696k,98%
895,W3 6,£727k,102%
896,W3 7,£526k,74%
897,W3 8,£575k,81%
898,W3 9,£829k,116%
899,W4 1,£1.3M,188%
900,W4 2,£1.2M,163%
901,W4 3,£1.1M,147%
902,W4 4,£1.2M,172%
903,W4 5,£905k,127%
904,W5 1,£723k,101%
905,W5 2,£980k,137%
906,W5 3,£784k,110%
907,W5 4,£715k,100%
908,W5 5,£865k,121%
909,W6 0,£933k,131%
910,W6 7,£882k,124%
911,W6 8,£867k,121%
912,W6 9,£861k,121%
913,W7 1,£538k,75%
914,W7 2,£688k,96%
915,W7 3,£597k,84%
916,W8 4,£2.3M,327%
917,W8 5,£3.7M,525%
918,W8 6,£2.8M,392%
919,W8 7,£4.1M,573%
920,W9 1,£1.2M,165%
921,W9 2,£886k,124%
922,W9 3,£560k,78%
923,WC1A 1,£548k,77%
924,WC1A 2,£958k,134%
925,WC1B 3,£2.2M,313%
926,WC1B 4,£430k,60%
927,WC1B 5,£1.3M,185%
928,WC1E 6,£848k,119%
929,WC1E 7,£997k,140%
930,WC1H 0,£268k,38%
931,WC1H 8,£546k,77%
932,WC1H 9,£566k,79%
933,WC1N 1,£635k,89%
934,WC1N 2,£1.5M,214%
935,WC1N 3,£799k,112%
936,WC1R 4,£713k,100%
937,WC1V 6,£915k,128%
938,WC1X 0,£955k,134%
939,WC1X 8,£716k,100%
940,WC1X 9,£1.2M,170%
941,WC2A 2,£3.6M,506%
942,WC2A 3,£8.0M,1121%
943,WC2B 4,£1.2M,166%
944,WC2B 5,£842k,118%
945,WC2B 6,£2.3M,325%
946,WC2E 7,£1.1M,157%
947,WC2E 8,£5.3M,748%
948,WC2E 9,£1.1M,147%
949,WC2H 8,£1.0M,147%
950,WC2H 9,£1.1M,149%
951,WC2N 5,£1.1M,157%
952,WC2N 6,£1.2M,167%
953,WC2R 0,£660k,92%
954,WC2R 1,£1.5M,212%
